{"cameraMode":{"drawMode":0,"name":"Shaded","section":"Shading Mode"},"sceneLighting":false,"audioPlay":false,"sceneViewState":{"m_AlwaysRefresh":false,"showFog":true,"showSkybox":false,"showFlares":true,"showImageEffects":true,"showParticleSystems":true,"showVisualEffectGraphs":true,"m_FxEnabled":true},"in2DMode":false,"pivot":{"x":0.05094552040100098,"y":2.2347350120544435,"z":0.09267258644104004},"rotation":{"x":-0.39162370562553408,"y":-0.13124503195285798,"z":0.056568387895822528,"w":-0.9089785814285278},"size":8.68075180053711,"orthographic":false}