{"cameraMode":{"drawMode":0,"name":"Shaded","section":"Shading Mode"},"sceneLighting":false,"audioPlay":false,"sceneViewState":{"m_AlwaysRefresh":false,"showFog":true,"showSkybox":false,"showFlares":true,"showImageEffects":true,"showParticleSystems":true,"showVisualEffectGraphs":true,"m_FxEnabled":true},"in2DMode":false,"pivot":{"x":5.191002368927002,"y":1.5309455394744874,"z":0.12000000476837158},"rotation":{"x":-0.31782278418540957,"y":-0.5561067461967468,"z":0.24257028102874757,"w":-0.7286422252655029},"size":2.5487332344055177,"orthographic":false}