{"cameraMode":{"drawMode":0,"name":"Shaded","section":"Shading Mode"},"sceneLighting":false,"audioPlay":false,"sceneViewState":{"m_AlwaysRefresh":false,"showFog":true,"showSkybox":false,"showFlares":true,"showImageEffects":true,"showParticleSystems":true,"showVisualEffectGraphs":true,"m_FxEnabled":true},"in2DMode":false,"pivot":{"x":2.7699999809265138,"y":0.5529999732971191,"z":3.130000114440918},"rotation":{"x":-0.27807995676994326,"y":-0.4974699318408966,"z":0.17243558168411256,"w":-0.8035251498222351},"size":2.0784637928009035,"orthographic":false}