{"cameraMode":{"drawMode":0,"name":"Shaded","section":"Shading Mode"},"sceneLighting":false,"audioPlay":false,"sceneViewState":{"m_AlwaysRefresh":false,"showFog":true,"showSkybox":false,"showFlares":true,"showImageEffects":true,"showParticleSystems":true,"showVisualEffectGraphs":true,"m_FxEnabled":true},"in2DMode":false,"pivot":{"x":0.1282203197479248,"y":2.1569247245788576,"z":0.21433019638061524},"rotation":{"x":-0.23136767745018006,"y":-0.3636016845703125,"z":0.09380076080560684,"w":-0.8975543975830078},"size":9.14130687713623,"orthographic":false}